{
  "prompt_v1_scores": {
    "faithfulness": 0.9629629629629629,
    "answer_relevancy": 0.9195398500980195,
    "context_recall": 0.9761904761904762,
    "context_precision": 0.8333333332608693
  },
  "prompt_v2_scores": {
    "faithfulness": 0.881720430107527,
    "answer_relevancy": 0.929356649609247,
    "context_recall": 0.9782608695652174,
    "context_precision": 0.7886904761200891
  },
  "target_met": true,
  "best_faithfulness": 0.9629629629629629
}